,Currency,Name,Units per HKD,HKD per unit,Date
0,USD,US Dollar,0.1288530959,7.760775888,2021-04-23
1,EUR,Euro,0.1067722926,9.365725655,2021-04-23
2,GBP,British Pound,0.09306162133,10.74556821,2021-04-23
3,INR,Indian Rupee,9.659975989,0.103519926,2021-04-23
4,AUD,Australian Dollar,0.1664989034,6.006045564,2021-04-23
5,CAD,Canadian Dollar,0.1610056648,6.210961593,2021-04-23
6,SGD,Singapore Dollar,0.1710671178,5.845658784,2021-04-23
7,CHF,Swiss Franc,0.1179380446,8.479028151,2021-04-23
8,MYR,Malaysian Ringgit,0.5295160444,1.888516902,2021-04-23
9,JPY,Japanese Yen,13.90917889,0.07189497009,2021-04-23
10,CNY,Chinese Yuan Renminbi,0.836997266,1.194747033,2021-04-23
11,NZD,New Zealand Dollar,0.1794643347,5.572137783,2021-04-23
12,THB,Thai Baht,4.048490687,0.2470056318,2021-04-23
13,HUF,Hungarian Forint,38.78884787,0.02578060589,2021-04-23
14,AED,Emirati Dirham,0.4732129948,2.113213312,2021-04-23
15,HKD,Hong Kong Dollar,1.0,1.0,2021-04-23
16,MXN,Mexican Peso,2.558252419,0.3908918418,2021-04-23
17,ZAR,South African Rand,1.840801092,0.5432417465,2021-04-23
18,PHP,Philippine Peso,6.222375809,0.1607103188,2021-04-23
19,SEK,Swedish Krona,1.082963474,0.9233921768,2021-04-23
20,IDR,Indonesian Rupiah,1871.030737,0.0005344647634,2021-04-23
21,BRL,Brazilian Real,0.7085925338,1.411248288,2021-04-23
22,SAR,Saudi Arabian Riyal,0.4831991097,2.069540237,2021-04-23
23,TRY,Turkish Lira,1.077203399,0.9283297853,2021-04-23
24,KES,Kenyan Shilling,13.98623548,0.07149886771,2021-04-23
25,KRW,South Korean Won,143.8551135,0.006951438677,2021-04-23
26,EGP,Egyptian Pound,2.022874164,0.4943461228,2021-04-23
27,IQD,Iraqi Dinar,188.4062622,0.005307679206,2021-04-23
28,NOK,Norwegian Krone,1.071262027,0.9334784348,2021-04-23
29,KWD,Kuwaiti Dinar,0.03879313292,25.77775819,2021-04-23
30,RUB,Russian Ruble,9.666682134,0.1034481103,2021-04-23
31,DKK,Danish Krone,0.7939534694,1.259519655,2021-04-23
32,PKR,Pakistani Rupee,19.78777007,0.05053626541,2021-04-23
33,ILS,Israeli Shekel,0.4195867256,2.383297514,2021-04-23
34,PLN,Polish Zloty,0.4868331894,2.054091672,2021-04-23
35,QAR,Qatari Riyal,0.4690252692,2.132081288,2021-04-23
36,XAU,Gold Ounce,7.250566285e-05,13792.02618,2021-04-23
37,OMR,Omani Rial,0.04954401539,20.18407253,2021-04-23
38,COP,Colombian Peso,469.8096252,0.002128521738,2021-04-23
39,CLP,Chilean Peso,91.95009435,0.01087546464,2021-04-23
40,TWD,Taiwan New Dollar,3.618685038,0.2763434755,2021-04-23
41,ARS,Argentine Peso,11.99907728,0.08333974157,2021-04-23
42,CZK,Czech Koruna,2.757042378,0.3627075188,2021-04-23
43,VND,Vietnamese Dong,2967.290581,0.0003370077762,2021-04-23
44,MAD,Moroccan Dirham,1.147450486,0.8714972996,2021-04-23
45,JOD,Jordanian Dinar,0.09135684501,10.94608729,2021-04-23
46,BHD,Bahraini Dinar,0.04844876407,20.6403614,2021-04-23
47,XOF,CFA Franc,70.03803274,0.01427795672,2021-04-23
48,LKR,Sri Lankan Rupee,25.06854839,0.03989062249,2021-04-23
49,UAH,Ukrainian Hryvnia,3.600156777,0.2777656813,2021-04-23
50,NGN,Nigerian Naira,49.02827507,0.02039639369,2021-04-23
51,TND,Tunisian Dinar,0.3508461361,2.850252282,2021-04-23
52,UGX,Ugandan Shilling,464.1157249,0.002154635032,2021-04-23
53,RON,Romanian Leu,0.5256990119,1.902229179,2021-04-23
54,BDT,Bangladeshi Taka,10.93061639,0.09148614903,2021-04-23
55,PEN,Peruvian Sol,0.4857758193,2.058562737,2021-04-23
56,GEL,Georgian Lari,0.444535153,2.249540881,2021-04-23
57,XAF,Central African CFA Franc BEAC,70.03803274,0.01427795672,2021-04-23
58,FJD,Fijian Dollar,0.2634364893,3.795981349,2021-04-23
59,VEF,Venezuelan Bolívar,32250811060.0,3.10069e-11,2021-04-23
60,VES,Venezuelan Bolívar,322508.1106,3.100697214e-06,2021-04-23
61,BYN,Belarusian Ruble,0.3303261468,3.027311067,2021-04-23
62,HRK,Croatian Kuna,0.8082664197,1.237215818,2021-04-23
63,UZS,Uzbekistani Som,1355.379995,0.0007378004718,2021-04-23
64,BGN,Bulgarian Lev,0.208828453,4.788619489,2021-04-23
65,DZD,Algerian Dinar,17.1336565,0.05836465787,2021-04-23
66,IRR,Iranian Rial,5416.160296,0.0001846326448,2021-04-23
67,DOP,Dominican Peso,7.331920553,0.1363899121,2021-04-23
68,ISK,Icelandic Krona,16.14524254,0.06193775024,2021-04-23
69,CRC,Costa Rican Colon,79.14055161,0.01263574716,2021-04-23
70,XAG,Silver Ounce,0.00495106548,201.9767268,2021-04-23
71,SYP,Syrian Pound,162.0607268,0.006170526441,2021-04-23
72,JMD,Jamaican Dollar,19.36338309,0.05164386798,2021-04-23
73,LYD,Libyan Dinar,0.5809762075,1.721240882,2021-04-23
74,GHS,Ghanaian Cedi,0.7447970412,1.342647654,2021-04-23
75,MUR,Mauritian Rupee,5.201722968,0.1922439942,2021-04-23
76,AOA,Angolan Kwanza,83.81751919,0.01193068,2021-04-23
77,UYU,Uruguayan Peso,5.677139803,0.1761450369,2021-04-23
78,AFN,Afghan Afghani,9.993020817,0.1000698406,2021-04-23
79,LBP,Lebanese Pound,194.2460421,0.005148110042,2021-04-23
80,XPF,CFP Franc,12.7413237,0.07848478099,2021-04-23
81,TTD,Trinidadian Dollar,0.8755122378,1.142188489,2021-04-23
82,TZS,Tanzanian Shilling,298.8004419,0.003346715265,2021-04-23
83,ALL,Albanian Lek,13.20506269,0.07572853103,2021-04-23
84,XCD,East Caribbean Dollar,0.3482285155,2.871677521,2021-04-23
85,GTQ,Guatemalan Quetzal,0.9937257527,1.006313862,2021-04-23
86,NPR,Nepalese Rupee,15.5284114,0.06439808774,2021-04-23
87,BOB,Bolivian Bolíviano,0.8891183696,1.124709638,2021-04-23
88,ZWD,Zimbabwean Dollar,46.63193542,0.02144453133,2021-04-23
89,BBD,Barbadian or Bajan Dollar,0.2577061919,3.880387944,2021-04-23
90,CUC,Cuban Convertible Peso,0.1288530959,7.760775888,2021-04-23
91,LAK,Lao Kip,1214.544081,0.0008233542248,2021-04-23
92,BND,Bruneian Dollar,0.1710671178,5.845658784,2021-04-23
93,BWP,Botswana Pula,1.392277443,0.7182476491,2021-04-23
94,HNL,Honduran Lempira,3.096048189,0.3229923886,2021-04-23
95,PYG,Paraguayan Guarani,830.9070914,0.00120350399,2021-04-23
96,ETB,Ethiopian Birr,5.383430951,0.1857551456,2021-04-23
97,NAD,Namibian Dollar,1.840801092,0.5432417465,2021-04-23
98,PGK,Papua New Guinean Kina,0.4546614274,2.199438835,2021-04-23
99,SDG,Sudanese Pound,49.01486832,0.02040197259,2021-04-23
100,MOP,Macau Pataca,1.03,0.9708737864,2021-04-23
101,BMD,Bermudian Dollar,0.1288530959,7.760775888,2021-04-23
102,NIO,Nicaraguan Cordoba,4.522102568,0.2211360722,2021-04-23
103,BAM,Bosnian Convertible Mark,0.208828453,4.788619489,2021-04-23
104,KZT,Kazakhstani Tenge,55.45806035,0.01803164398,2021-04-23
105,PAB,Panamanian Balboa,0.1288530959,7.760775888,2021-04-23
106,GYD,Guyanese Dollar,26.92258127,0.03714354095,2021-04-23
107,YER,Yemeni Rial,32.26364561,0.03099463749,2021-04-23
108,MGA,Malagasy Ariary,490.5246745,0.002038633431,2021-04-23
109,KYD,Caymanian Dollar,0.1056598101,9.464336522,2021-04-23
110,MZN,Mozambican Metical,7.157002465,0.1397232997,2021-04-23
111,RSD,Serbian Dinar,12.55660241,0.07963937754,2021-04-23
112,SCR,Seychellois Rupee,1.773416757,0.5638832474,2021-04-23
113,AMD,Armenian Dram,67.08967867,0.01490542241,2021-04-23
114,AZN,Azerbaijan Manat,0.2189193914,4.567891376,2021-04-23
115,SBD,Solomon Islander Dollar,1.016266062,0.983994288,2021-04-23
116,SLL,Sierra Leonean Leone,1313.651614,0.0007612368373,2021-04-23
117,TOP,Tongan Pa'anga,0.2892034469,3.457773449,2021-04-23
118,BZD,Belizean Dollar,0.2596058466,3.851993371,2021-04-23
119,GMD,Gambian Dalasi,6.583618965,0.151892144,2021-04-23
120,MWK,Malawian Kwacha,101.6819781,0.009834584444,2021-04-23
121,BIF,Burundian Franc,251.2455363,0.003980170214,2021-04-23
122,HTG,Haitian Gourde,10.65305972,0.09386974505,2021-04-23
123,SOS,Somali Shilling,74.68040767,0.01339039289,2021-04-23
124,GNF,Guinean Franc,1280.570813,0.0007809017586,2021-04-23
125,MNT,Mongolian Tughrik,366.428596,0.002729044651,2021-04-23
126,MVR,Maldivian Rufiyaa,1.979233854,0.5052460061,2021-04-23
127,CDF,Congolese Franc,254.8717359,0.003923542155,2021-04-23
128,STN,Sao Tomean Dobra,2.634776956,0.379538768,2021-04-23
129,TJS,Tajikistani Somoni,1.468776778,0.6808386509,2021-04-23
130,KPW,North Korean Won,115.9683806,0.008623040131,2021-04-23
131,KGS,Kyrgyzstani Som,10.92681265,0.09151799636,2021-04-23
132,LRD,Liberian Dollar,22.22465157,0.04499508112,2021-04-23
133,LSL,Basotho Loti,1.840801092,0.5432417465,2021-04-23
134,MMK,Burmese Kyat,181.6122893,0.005506235309,2021-04-23
135,GIP,Gibraltar Pound,0.09306162133,10.74556821,2021-04-23
136,XPT,Platinum Ounce,0.0001045596358,9563.920081,2021-04-23
137,MDL,Moldovan Leu,2.315496922,0.4318727399,2021-04-23
138,CUP,Cuban Peso,3.105489124,0.322010466,2021-04-23
139,KHR,Cambodian Riel,521.8950383,0.001916094093,2021-04-23
140,MKD,Macedonian Denar,6.594460813,0.1516424206,2021-04-23
141,VUV,Ni-Vanuatu Vatu,14.02317246,0.07131053995,2021-04-23
142,ANG,Dutch Guilder,0.2306439921,4.335686314,2021-04-23
143,MRU,Mauritanian Ouguiya,4.635510503,0.21572597,2021-04-23
144,SZL,Swazi Lilangeni,1.840801092,0.5432417465,2021-04-23
145,CVE,Cape Verdean Escudo,11.7737807,0.08493448494,2021-04-23
146,SRD,Surinamese Dollar,1.823605191,0.5483643089,2021-04-23
147,SVC,Salvadoran Colon,1.127464589,0.8869458158,2021-04-23
148,XPD,Palladium Ounce,4.499648038e-05,22223.96044,2021-04-23
149,BSD,Bahamian Dollar,0.1288530959,7.760775888,2021-04-23
150,XDR,IMF Special Drawing Rights,0.08984063124,11.13082117,2021-04-23
151,RWF,Rwandan Franc,127.1677417,0.007863629462,2021-04-23
152,AWG,Aruban or Dutch Guilder,0.2306470417,4.335628988,2021-04-23
153,BTN,Bhutanese Ngultrum,9.659975989,0.103519926,2021-04-23
154,DJF,Djiboutian Franc,22.9061535,0.04365639128,2021-04-23
155,KMF,Comorian Franc,52.52852455,0.01903727562,2021-04-23
156,ERN,Eritrean Nakfa,1.932796439,0.5173850592,2021-04-23
157,FKP,Falkland Island Pound,0.09306162133,10.74556821,2021-04-23
158,SHP,Saint Helenian Pound,0.09306162133,10.74556821,2021-04-23
159,SPL,Seborgan Luigino,0.0214755159,46.56465551,2021-04-23
160,WST,Samoan Tala,0.3255031951,3.072166464,2021-04-23
161,JEP,Jersey Pound,0.09306162133,10.74556821,2021-04-23
162,TMT,Turkmenistani Manat,0.4513694048,2.215480246,2021-04-23
163,GGP,Guernsey Pound,0.09306162133,10.74556821,2021-04-23
164,IMP,Isle of Man Pound,0.09306162133,10.74556821,2021-04-23
165,TVD,Tuvaluan Dollar,0.1664989034,6.006045564,2021-04-23
166,ZMW,Zambian Kwacha,2.868950067,0.3485595694,2021-04-23
167,CLF,CLF,0.003319863332,301.2172189,2021-04-23
168,CNH,CNH,0.8363191506,1.195715773,2021-04-23
169,MXV,MXV,0.3850072658,2.597353579,2021-04-23
170,XBT,Bitcoin,2.588813321e-06,386277.3696,2021-04-23
0,USD,US Dollar,0.128873197,7.759565394,2021-04-24
1,EUR,Euro,0.1065274219,9.38725431,2021-04-24
2,GBP,British Pound,0.09284661264,10.77045216,2021-04-24
3,INR,Indian Rupee,9.658276789,0.1035381385,2021-04-24
4,AUD,Australian Dollar,0.1663589372,6.011098753,2021-04-24
5,CAD,Canadian Dollar,0.1607898711,6.219297232,2021-04-24
6,SGD,Singapore Dollar,0.1709957018,5.848100213,2021-04-24
7,CHF,Swiss Franc,0.1177534384,8.492321022,2021-04-24
8,MYR,Malaysian Ringgit,0.5296464664,1.888051867,2021-04-24
9,JPY,Japanese Yen,13.9031658,0.07192606448,2021-04-24
10,CNY,Chinese Yuan Renminbi,0.8370548103,1.194664899,2021-04-24
11,NZD,New Zealand Dollar,0.1790442145,5.585212585,2021-04-24
12,THB,Thai Baht,4.049952672,0.2469164657,2021-04-24
13,HUF,Hungarian Forint,38.69851492,0.0258407849,2021-04-24
14,AED,Emirati Dirham,0.4732868162,2.112883702,2021-04-24
15,HKD,Hong Kong Dollar,1.0,1.0,2021-04-24
16,MXN,Mexican Peso,2.556834641,0.3911085933,2021-04-24
17,ZAR,South African Rand,1.840074642,0.543456215,2021-04-24
18,PHP,Philippine Peso,6.219261174,0.1607908033,2021-04-24
19,SEK,Swedish Krona,1.080273338,0.9256916423,2021-04-24
20,IDR,Indonesian Rupiah,1871.84358,0.0005342326734,2021-04-24
21,BRL,Brazilian Real,0.705735955,1.41696054,2021-04-24
22,SAR,Saudi Arabian Riyal,0.4832744889,2.069217438,2021-04-24
23,TRY,Turkish Lira,1.079761069,0.9261308163,2021-04-24
24,KES,Kenyan Shilling,13.99568351,0.07145060113,2021-04-24
25,KRW,South Korean Won,143.7043985,0.006958729244,2021-04-24
26,EGP,Egyptian Pound,2.018446451,0.4954305325,2021-04-24
27,IQD,Iraqi Dinar,188.4119538,0.00530751887,2021-04-24
28,NOK,Norwegian Krone,1.069285865,0.9352036094,2021-04-24
29,KWD,Kuwaiti Dinar,0.03890650557,25.70264241,2021-04-24
30,RUB,Russian Ruble,9.63244127,0.1038158419,2021-04-24
31,DKK,Danish Krone,0.7940796378,1.259319535,2021-04-24
32,PKR,Pakistani Rupee,19.79861342,0.05050858758,2021-04-24
33,ILS,Israeli Shekel,0.4198389238,2.381865862,2021-04-24
34,PLN,Polish Zloty,0.4851330733,2.061290098,2021-04-24
35,QAR,Qatari Riyal,0.4690984373,2.131748735,2021-04-24
36,XAU,Gold Ounce,7.250699897e-05,13791.77203,2021-04-24
37,OMR,Omani Rial,0.04955174426,20.1809243,2021-04-24
38,COP,Colombian Peso,467.5557647,0.002138782313,2021-04-24
39,CLP,Chilean Peso,91.93109636,0.01087771211,2021-04-24
40,TWD,Taiwan New Dollar,3.619015014,0.2763182789,2021-04-24
41,ARS,Argentine Peso,12.00062689,0.08332898014,2021-04-24
42,CZK,Czech Koruna,2.750820591,0.3635278882,2021-04-24
43,VND,Vietnamese Dong,2978.266984,0.000335765734,2021-04-24
44,MAD,Moroccan Dirham,1.144604801,0.8736639923,2021-04-24
45,JOD,Jordanian Dinar,0.09137109671,10.94437996,2021-04-24
46,BHD,Bahraini Dinar,0.04845632209,20.637142,2021-04-24
47,XOF,CFA Franc,69.87740806,0.01431077694,2021-04-24
48,LKR,Sri Lankan Rupee,24.87465688,0.04020155956,2021-04-24
49,UAH,Ukrainian Hryvnia,3.631016785,0.2754049511,2021-04-24
50,NGN,Nigerian Naira,49.16723234,0.02033874905,2021-04-24
51,TND,Tunisian Dinar,0.3522103386,2.839212511,2021-04-24
52,UGX,Ugandan Shilling,464.6764134,0.002152035204,2021-04-24
53,RON,Romanian Leu,0.5244676431,1.906695319,2021-04-24
54,BDT,Bangladeshi Taka,10.91573977,0.09161083176,2021-04-24
55,PEN,Peruvian Sol,0.487269419,2.052252739,2021-04-24
56,GEL,Georgian Lari,0.4441228179,2.251629414,2021-04-24
57,XAF,Central African CFA Franc BEAC,69.87740806,0.01431077694,2021-04-24
58,FJD,Fijian Dollar,0.2635519647,3.794318139,2021-04-24
59,VEF,Venezuelan Bolívar,32233944470.0,3.10231e-11,2021-04-24
60,VES,Venezuelan Bolívar,322339.4447,3.102319671e-06,2021-04-24
61,BYN,Belarusian Ruble,0.3292709369,3.037012648,2021-04-24
62,HRK,Croatian Kuna,0.806443207,1.240012925,2021-04-24
63,UZS,Uzbekistani Som,1357.712145,0.0007365331481,2021-04-24
64,BGN,Bulgarian Lev,0.2083495275,4.799626915,2021-04-24
65,DZD,Algerian Dinar,17.23567523,0.05801919489,2021-04-24
66,IRR,Iranian Rial,5415.93228,0.000184640418,2021-04-24
67,DOP,Dominican Peso,7.338011668,0.136276698,2021-04-24
68,ISK,Icelandic Krona,16.14998183,0.0619195743,2021-04-24
69,CRC,Costa Rican Colon,79.55933819,0.01256923477,2021-04-24
70,XAG,Silver Ounce,0.004948519002,202.0806628,2021-04-24
71,SYP,Syrian Pound,162.0860083,0.006169563988,2021-04-24
72,JMD,Jamaican Dollar,19.37626838,0.05160952461,2021-04-24
73,LYD,Libyan Dinar,0.5767413637,1.733879453,2021-04-24
74,GHS,Ghanaian Cedi,0.7412421967,1.349086715,2021-04-24
75,MUR,Mauritian Rupee,5.251545321,0.1904201409,2021-04-24
76,AOA,Angolan Kwanza,83.67446569,0.01195107721,2021-04-24
77,UYU,Uruguayan Peso,5.687285642,0.1758308028,2021-04-24
78,AFN,Afghan Afghani,9.999317651,0.100006824,2021-04-24
79,LBP,Lebanese Pound,194.2763445,0.005147307061,2021-04-24
80,XPF,CFP Franc,12.71210285,0.07866519111,2021-04-24
81,TTD,Trinidadian Dollar,0.8729515089,1.145539002,2021-04-24
82,TZS,Tanzanian Shilling,298.6635104,0.00334824967,2021-04-24
83,ALL,Albanian Lek,13.14092197,0.07609816134,2021-04-24
84,XCD,East Caribbean Dollar,0.3479634498,2.873865059,2021-04-24
85,GTQ,Guatemalan Quetzal,0.9943856336,1.005646065,2021-04-24
86,NPR,Nepalese Rupee,15.52567994,0.06440941743,2021-04-24
87,BOB,Bolivian Bolíviano,0.8885754534,1.125396832,2021-04-24
88,ZWD,Zimbabwean Dollar,46.63921001,0.0214411865,2021-04-24
89,BBD,Barbadian or Bajan Dollar,0.2577463941,3.879782697,2021-04-24
90,CUC,Cuban Convertible Peso,0.128873197,7.759565394,2021-04-24
91,LAK,Lao Kip,1215.044418,0.0008230151799,2021-04-24
92,BND,Bruneian Dollar,0.1709957018,5.848100213,2021-04-24
93,BWP,Botswana Pula,1.396209294,0.7162249991,2021-04-24
94,HNL,Honduran Lempira,3.09739736,0.322851699,2021-04-24
95,PYG,Paraguayan Guarani,836.9403157,0.00119482833,2021-04-24
96,ETB,Ethiopian Birr,5.400126478,0.1851808479,2021-04-24
97,NAD,Namibian Dollar,1.840074642,0.543456215,2021-04-24
98,PGK,Papua New Guinean Kina,0.4521884698,2.211467268,2021-04-24
99,SDG,Sudanese Pound,48.98631154,0.02041386601,2021-04-24
100,MOP,Macau Pataca,1.03,0.9708737864,2021-04-24
101,BMD,Bermudian Dollar,0.128873197,7.759565394,2021-04-24
102,NIO,Nicaraguan Cordoba,4.526767116,0.2209082054,2021-04-24
103,BAM,Bosnian Convertible Mark,0.2083495275,4.799626915,2021-04-24
104,KZT,Kazakhstani Tenge,55.45138496,0.01803381468,2021-04-24
105,PAB,Panamanian Balboa,0.128873197,7.759565394,2021-04-24
106,GYD,Guyanese Dollar,27.12534352,0.03686589256,2021-04-24
107,YER,Yemeni Rial,31.87295227,0.0313745646,2021-04-24
108,MGA,Malagasy Ariary,490.3626318,0.002039307107,2021-04-24
109,KYD,Caymanian Dollar,0.1056765462,9.462837649,2021-04-24
110,MZN,Mozambican Metical,7.164030861,0.1395862217,2021-04-24
111,RSD,Serbian Dinar,12.65365625,0.07902854166,2021-04-24
112,SCR,Seychellois Rupee,1.70632195,0.5860558731,2021-04-24
113,AMD,Armenian Dram,67.25762959,0.01486820166,2021-04-24
114,AZN,Azerbaijan Manat,0.2190835219,4.564469254,2021-04-24
115,SBD,Solomon Islander Dollar,1.016345292,0.9839175796,2021-04-24
116,SLL,Sierra Leonean Leone,1313.629049,0.0007612499138,2021-04-24
117,TOP,Tongan Pa'anga,0.2902580247,3.445210519,2021-04-24
118,BZD,Belizean Dollar,0.259700865,3.850584017,2021-04-24
119,GMD,Gambian Dalasi,6.586629523,0.1518227185,2021-04-24
120,MWK,Malawian Kwacha,102.0329993,0.009800750808,2021-04-24
121,BIF,Burundian Franc,252.5138374,0.003960179015,2021-04-24
122,HTG,Haitian Gourde,11.04396516,0.0905471889,2021-04-24
123,SOS,Somali Shilling,75.26865388,0.01328574311,2021-04-24
124,GNF,Guinean Franc,1277.341395,0.0007828760611,2021-04-24
125,MNT,Mongolian Tughrik,367.9744076,0.002717580297,2021-04-24
126,MVR,Maldivian Rufiyaa,2.018647897,0.4953810921,2021-04-24
127,CDF,Congolese Franc,256.0594478,0.003905343109,2021-04-24
128,STN,Sao Tomean Dobra,2.616034166,0.3822580045,2021-04-24
129,TJS,Tajikistani Somoni,1.458952583,0.6854232354,2021-04-24
130,KPW,North Korean Won,115.9858773,0.008621739326,2021-04-24
131,KGS,Kyrgyzstani Som,10.92844794,0.09150430193,2021-04-24
132,LRD,Liberian Dollar,22.15394168,0.04513869426,2021-04-24
133,LSL,Basotho Loti,1.840074642,0.543456215,2021-04-24
134,MMK,Burmese Kyat,181.6470106,0.005505182809,2021-04-24
135,GIP,Gibraltar Pound,0.09284661264,10.77045216,2021-04-24
136,XPT,Platinum Ounce,0.0001045845945,9561.637687,2021-04-24
137,MDL,Moldovan Leu,2.304512444,0.433931265,2021-04-24
138,CUP,Cuban Peso,3.221562909,0.3104083416,2021-04-24
139,KHR,Cambodian Riel,521.353338,0.001918084967,2021-04-24
140,MKD,Macedonian Denar,6.584385947,0.1518744509,2021-04-24
141,VUV,Ni-Vanuatu Vatu,13.90669287,0.07190782232,2021-04-24
142,ANG,Dutch Guilder,0.2303608823,4.341014803,2021-04-24
143,MRU,Mauritanian Ouguiya,4.650976605,0.2150086068,2021-04-24
144,SZL,Swazi Lilangeni,1.840074642,0.543456215,2021-04-24
145,CVE,Cape Verdean Escudo,11.74677881,0.08512972077,2021-04-24
146,SRD,Surinamese Dollar,1.814743867,0.5510419505,2021-04-24
147,SVC,Salvadoran Colon,1.127640474,0.8868074736,2021-04-24
148,XPD,Palladium Ounce,4.513702536e-05,22154.7608,2021-04-24
149,BSD,Bahamian Dollar,0.128873197,7.759565394,2021-04-24
150,XDR,IMF Special Drawing Rights,0.08978958028,11.13714973,2021-04-24
151,RWF,Rwandan Franc,126.3361805,0.007915388893,2021-04-24
152,AWG,Aruban or Dutch Guilder,0.2306830227,4.334952734,2021-04-24
153,BTN,Bhutanese Ngultrum,9.658276789,0.1035381385,2021-04-24
154,DJF,Djiboutian Franc,22.93939148,0.04359313545,2021-04-24
155,KMF,Comorian Franc,52.40805605,0.01908103592,2021-04-24
156,ERN,Eritrean Nakfa,1.933097956,0.5173043596,2021-04-24
157,FKP,Falkland Island Pound,0.09284661264,10.77045216,2021-04-24
158,SHP,Saint Helenian Pound,0.09284661264,10.77045216,2021-04-24
159,SPL,Seborgan Luigino,0.02147886609,46.55739255,2021-04-24
160,WST,Samoan Tala,0.3239631308,3.086771009,2021-04-24
161,JEP,Jersey Pound,0.09284661264,10.77045216,2021-04-24
162,TMT,Turkmenistani Manat,0.4510561902,2.217018681,2021-04-24
163,GGP,Guernsey Pound,0.09284661264,10.77045216,2021-04-24
164,IMP,Isle of Man Pound,0.09284661264,10.77045216,2021-04-24
165,TVD,Tuvaluan Dollar,0.1663589372,6.011098753,2021-04-24
166,ZMW,Zambian Kwacha,2.878462414,0.3474076977,2021-04-24
167,CLF,CLF,0.003331930074,300.1263465,2021-04-24
168,CNH,CNH,0.8363590645,1.19565871,2021-04-24
169,MXV,MXV,0.3850421919,2.597117981,2021-04-24
170,XBT,Bitcoin,2.581961616e-06,387302.427,2021-04-24
0,USD,US Dollar,0.1288765976,7.759360651,2021-04-25
1,EUR,Euro,0.1065320918,9.386842806,2021-04-25
2,GBP,British Pound,0.09287546696,10.76710603,2021-04-25
3,INR,Indian Rupee,9.656700676,0.1035550374,2021-04-25
4,AUD,Australian Dollar,0.1666533904,6.000477984,2021-04-25
5,CAD,Canadian Dollar,0.1610737088,6.208337831,2021-04-25
6,SGD,Singapore Dollar,0.1710177026,5.847347875,2021-04-25
7,CHF,Swiss Franc,0.1178216872,8.487401797,2021-04-25
8,MYR,Malaysian Ringgit,0.5296604019,1.888002192,2021-04-25
9,JPY,Japanese Yen,13.9311534,0.07178156551,2021-04-25
10,CNY,Chinese Yuan Renminbi,0.8370600602,1.194657406,2021-04-25
11,NZD,New Zealand Dollar,0.1791974004,5.580438097,2021-04-25
12,THB,Thai Baht,4.050060371,0.2469098997,2021-04-25
13,HUF,Hungarian Forint,38.69615631,0.02584235995,2021-04-25
14,AED,Emirati Dirham,0.4732993045,2.112827951,2021-04-25
15,HKD,Hong Kong Dollar,1.0,1.0,2021-04-25
16,MXN,Mexican Peso,2.556778071,0.3911172469,2021-04-25
17,ZAR,South African Rand,1.84036388,0.5433708034,2021-04-25
18,PHP,Philippine Peso,6.219426237,0.1607865359,2021-04-25
19,SEK,Swedish Krona,1.080474652,0.9255191669,2021-04-25
20,IDR,Indonesian Rupiah,1872.461581,0.0005340563514,2021-04-25
21,BRL,Brazilian Real,0.7057653605,1.416901503,2021-04-25
22,SAR,Saudi Arabian Riyal,0.4832872409,2.06916284,2021-04-25
23,TRY,Turkish Lira,1.080723662,0.9253059181,2021-04-25
24,KES,Kenyan Shilling,13.99607653,0.07144859476,2021-04-25
25,KRW,South Korean Won,143.7094085,0.006958486646,2021-04-25
26,EGP,Egyptian Pound,2.018484345,0.4954212316,2021-04-25
27,IQD,Iraqi Dinar,188.4167155,0.005307384738,2021-04-25
28,NOK,Norwegian Krone,1.06925744,0.9352284704,2021-04-25
29,KWD,Kuwaiti Dinar,0.03890756146,25.70194488,2021-04-25
30,RUB,Russian Ruble,9.643113741,0.1037009442,2021-04-25
31,DKK,Danish Krone,0.7921716427,1.262352685,2021-04-25
32,PKR,Pakistani Rupee,19.81810006,0.05045892375,2021-04-25
33,ILS,Israeli Shekel,0.419712192,2.382585065,2021-04-25
34,PLN,Polish Zloty,0.4852479832,2.060801971,2021-04-25
35,QAR,Qatari Riyal,0.4691108151,2.131692487,2021-04-25
36,XAU,Gold Ounce,7.251793354e-05,13789.69244,2021-04-25
37,OMR,Omani Rial,0.04955305176,20.18039181,2021-04-25
38,COP,Colombian Peso,467.626192,0.0021384602,2021-04-25
39,CLP,Chilean Peso,91.93681802,0.01087703514,2021-04-25
40,TWD,Taiwan New Dollar,3.618205694,0.2763800858,2021-04-25
41,ARS,Argentine Peso,12.00100286,0.08332636963,2021-04-25
42,CZK,Czech Koruna,2.750885539,0.3635193053,2021-04-25
43,VND,Vietnamese Dong,2978.347539,0.0003357566526,2021-04-25
44,MAD,Moroccan Dirham,1.144635692,0.873640414,2021-04-25
45,JOD,Jordanian Dinar,0.09137350767,10.94409119,2021-04-25
46,BHD,Bahraini Dinar,0.04845760068,20.63659748,2021-04-25
47,XOF,CFA Franc,69.88047137,0.01431014961,2021-04-25
48,LKR,Sri Lankan Rupee,24.87531323,0.04020049881,2021-04-25
49,UAH,Ukrainian Hryvnia,3.63111788,0.2753972834,2021-04-25
50,NGN,Nigerian Naira,49.16900926,0.02033801403,2021-04-25
51,TND,Tunisian Dinar,0.352219215,2.839140959,2021-04-25
52,UGX,Ugandan Shilling,464.6890053,0.002151976889,2021-04-25
53,RON,Romanian Leu,0.5243298104,1.90719654,2021-04-25
54,BDT,Bangladeshi Taka,10.92857854,0.09150320841,2021-04-25
55,PEN,Peruvian Sol,0.4872825276,2.052197531,2021-04-25
56,GEL,Georgian Lari,0.4441345367,2.251570003,2021-04-25
57,XAF,Central African CFA Franc BEAC,69.88047137,0.01431014961,2021-04-25
58,FJD,Fijian Dollar,0.2635589189,3.794218023,2021-04-25
59,VEF,Venezuelan Bolívar,32234795010.0,3.10223e-11,2021-04-25
60,VES,Venezuelan Bolívar,322347.9501,3.102237814e-06,2021-04-25
61,BYN,Belarusian Ruble,0.3292796466,3.036932316,2021-04-25
62,HRK,Croatian Kuna,0.8064644862,1.239980206,2021-04-25
63,UZS,Uzbekistani Som,1357.74797,0.000736513714,2021-04-25
64,BGN,Bulgarian Lev,0.2083586612,4.799416517,2021-04-25
65,DZD,Algerian Dinar,17.23644115,0.05801661674,2021-04-25
66,IRR,Iranian Rial,5416.078071,0.0001846354478,2021-04-25
67,DOP,Dominican Peso,7.338297762,0.136271385,2021-04-25
68,ISK,Icelandic Krona,16.15039867,0.06191797616,2021-04-25
69,CRC,Costa Rican Colon,79.56205201,0.01256880604,2021-04-25
70,XAG,Silver Ounce,0.004955084578,201.8129023,2021-04-25
71,SYP,Syrian Pound,162.0902852,0.006169401199,2021-04-25
72,JMD,Jamaican Dollar,19.3768112,0.05160807883,2021-04-25
73,LYD,Libyan Dinar,0.5767212216,1.733940009,2021-04-25
74,GHS,Ghanaian Cedi,0.7412600229,1.349054271,2021-04-25
75,MUR,Mauritian Rupee,5.25170821,0.1904142348,2021-04-25
76,AOA,Angolan Kwanza,83.67667357,0.01195076187,2021-04-25
77,UYU,Uruguayan Peso,5.68743179,0.1758262845,2021-04-25
78,AFN,Afghan Afghani,9.999616644,0.1000038337,2021-04-25
79,LBP,Lebanese Pound,194.2814708,0.005147171245,2021-04-25
80,XPF,CFP Franc,12.71266013,0.07866174272,2021-04-25
81,TTD,Trinidadian Dollar,0.8729742528,1.145509156,2021-04-25
82,TZS,Tanzanian Shilling,298.6713294,0.003348162015,2021-04-25
83,ALL,Albanian Lek,13.14126871,0.07609615343,2021-04-25
84,XCD,East Caribbean Dollar,0.3479669832,2.873835876,2021-04-25
85,GTQ,Guatemalan Quetzal,0.9944135419,1.005617842,2021-04-25
86,NPR,Nepalese Rupee,15.52314634,0.06441992998,2021-04-25
87,BOB,Bolivian Bolíviano,0.8886062381,1.125357844,2021-04-25
88,ZWD,Zimbabwean Dollar,46.64044066,0.02144062076,2021-04-25
89,BBD,Barbadian or Bajan Dollar,0.2577531951,3.879680326,2021-04-25
90,CUC,Cuban Convertible Peso,0.1288765976,7.759360651,2021-04-25
91,LAK,Lao Kip,1215.078349,0.0008229921973,2021-04-25
92,BND,Bruneian Dollar,0.1710177026,5.847347875,2021-04-25
93,BWP,Botswana Pula,1.396266467,0.7161956716,2021-04-25
94,HNL,Honduran Lempira,3.097482966,0.3228427762,2021-04-25
95,PYG,Paraguayan Guarani,836.9642942,0.001194794099,2021-04-25
96,ETB,Ethiopian Birr,5.400268968,0.1851759618,2021-04-25
97,NAD,Namibian Dollar,1.84036388,0.5433708034,2021-04-25
98,PGK,Papua New Guinean Kina,0.4522004015,2.211408917,2021-04-25
99,SDG,Sudanese Pound,48.98760412,0.02041332737,2021-04-25
100,MOP,Macau Pataca,1.03,0.9708737864,2021-04-25
101,BMD,Bermudian Dollar,0.1288765976,7.759360651,2021-04-25
102,NIO,Nicaraguan Cordoba,4.526886561,0.2209023766,2021-04-25
103,BAM,Bosnian Convertible Mark,0.2083586612,4.799416517,2021-04-25
104,KZT,Kazakhstani Tenge,55.45286857,0.01803333219,2021-04-25
105,PAB,Panamanian Balboa,0.1288765976,7.759360651,2021-04-25
106,GYD,Guyanese Dollar,27.12607478,0.03686489874,2021-04-25
107,YER,Yemeni Rial,31.87053365,0.03137694558,2021-04-25
108,MGA,Malagasy Ariary,490.3755708,0.002039253298,2021-04-25
109,KYD,Caymanian Dollar,0.1056794376,9.462578747,2021-04-25
110,MZN,Mozambican Metical,7.164219895,0.1395825386,2021-04-25
111,RSD,Serbian Dinar,12.58272091,0.07947406665,2021-04-25
112,SCR,Seychellois Rupee,1.706322825,0.5860555723,2021-04-25
113,AMD,Armenian Dram,67.25940428,0.01486780935,2021-04-25
114,AZN,Azerbaijan Manat,0.2190893028,4.564348817,2021-04-25
115,SBD,Solomon Islander Dollar,1.01637211,0.9838916181,2021-04-25
116,SLL,Sierra Leonean Leone,1313.663711,0.0007612298276,2021-04-25
117,TOP,Tongan Pa'anga,0.2902656836,3.445119615,2021-04-25
118,BZD,Belizean Dollar,0.2597101377,3.850446536,2021-04-25
119,GMD,Gambian Dalasi,6.586803321,0.1518187126,2021-04-25
120,MWK,Malawian Kwacha,102.0358295,0.009800478958,2021-04-25
121,BIF,Burundian Franc,252.5476233,0.003959649222,2021-04-25
122,HTG,Haitian Gourde,11.04453949,0.09054248039,2021-04-25
123,SOS,Somali Shilling,75.27218927,0.01328511911,2021-04-25
124,GNF,Guinean Franc,1277.231554,0.0007829433877,2021-04-25
125,MNT,Mongolian Tughrik,367.9841172,0.002717508591,2021-04-25
126,MVR,Maldivian Rufiyaa,2.019089186,0.4952728224,2021-04-25
127,CDF,Congolese Franc,256.0662045,0.003905240061,2021-04-25
128,STN,Sao Tomean Dobra,2.616090894,0.3822497155,2021-04-25
129,TJS,Tajikistani Somoni,1.45899108,0.68540515,2021-04-25
130,KPW,North Korean Won,115.9889378,0.008621511835,2021-04-25
131,KGS,Kyrgyzstani Som,10.9287363,0.09150188752,2021-04-25
132,LRD,Liberian Dollar,22.15452624,0.04513750324,2021-04-25
133,LSL,Basotho Loti,1.84036388,0.5433708034,2021-04-25
134,MMK,Burmese Kyat,181.6518036,0.00550503755,2021-04-25
135,GIP,Gibraltar Pound,0.09287546696,10.76710603,2021-04-25
136,XPT,Platinum Ounce,0.0001047539658,9546.177968,2021-04-25
137,MDL,Moldovan Leu,2.304325117,0.4339665408,2021-04-25
138,CUP,Cuban Peso,3.221914905,0.3103744293,2021-04-25
139,KHR,Cambodian Riel,521.4077754,0.00191788471,2021-04-25
140,MKD,Macedonian Denar,6.584316573,0.1518760511,2021-04-25
141,VUV,Ni-Vanuatu Vatu,13.90705982,0.07190592498,2021-04-25
142,ANG,Dutch Guilder,0.2303669902,4.340899706,2021-04-25
143,MRU,Mauritanian Ouguiya,4.651108589,0.2150025055,2021-04-25
144,SZL,Swazi Lilangeni,1.84036388,0.5433708034,2021-04-25
145,CVE,Cape Verdean Escudo,11.74729377,0.08512598899,2021-04-25
146,SRD,Surinamese Dollar,1.814716415,0.5510502862,2021-04-25
147,SVC,Salvadoran Colon,1.127670229,0.8867840744,2021-04-25
148,XPD,Palladium Ounce,4.512447813e-05,22160.92111,2021-04-25
149,BSD,Bahamian Dollar,0.1288765976,7.759360651,2021-04-25
150,XDR,IMF Special Drawing Rights,0.08979194952,11.13685587,2021-04-25
151,RWF,Rwandan Franc,126.3393033,0.007915193242,2021-04-25
152,AWG,Aruban or Dutch Guilder,0.2306891096,4.334838353,2021-04-25
153,BTN,Bhutanese Ngultrum,9.656700676,0.1035550374,2021-04-25
154,DJF,Djiboutian Franc,22.9399937,0.04359199104,2021-04-25
155,KMF,Comorian Franc,52.41035353,0.01908019948,2021-04-25
156,ERN,Eritrean Nakfa,1.933148963,0.5172907101,2021-04-25
157,FKP,Falkland Island Pound,0.09287546696,10.76710603,2021-04-25
158,SHP,Saint Helenian Pound,0.09287546696,10.76710603,2021-04-25
159,SPL,Seborgan Luigino,0.02147943284,46.55616409,2021-04-25
160,WST,Samoan Tala,0.323971679,3.086689562,2021-04-25
161,JEP,Jersey Pound,0.09287546696,10.76710603,2021-04-25
162,TMT,Turkmenistani Manat,0.451068092,2.216960184,2021-04-25
163,GGP,Guernsey Pound,0.09287546696,10.76710603,2021-04-25
164,IMP,Isle of Man Pound,0.09287546696,10.76710603,2021-04-25
165,TVD,Tuvaluan Dollar,0.1666533904,6.000477984,2021-04-25
166,ZMW,Zambian Kwacha,2.878547963,0.3473973729,2021-04-25
167,CLF,CLF,0.003332017992,300.1184274,2021-04-25
168,CNH,CNH,0.8363809467,1.195627428,2021-04-25
169,MXV,MXV,0.3850523518,2.597049454,2021-04-25
170,XBT,Bitcoin,2.558187574e-06,390901.7502,2021-04-25
0,USD,US Dollar,0.1288659397,7.760002391,2021-04-26
1,EUR,Euro,0.1066733779,9.374410185,2021-04-26
2,GBP,British Pound,0.09278112265,10.77805454,2021-04-26
3,INR,Indian Rupee,9.634157293,0.1037973504,2021-04-26
4,AUD,Australian Dollar,0.1652286439,6.052219375,2021-04-26
5,CAD,Canadian Dollar,0.1597942973,6.258045604,2021-04-26
6,SGD,Singapore Dollar,0.1708655041,5.852556403,2021-04-26
7,CHF,Swiss Franc,0.1178929702,8.482269963,2021-04-26
8,MYR,Malaysian Ringgit,0.5282513014,1.893038403,2021-04-26
9,JPY,Japanese Yen,13.9341721,0.07176601471,2021-04-26
10,CNY,Chinese Yuan Renminbi,0.8356901757,1.196615719,2021-04-26
11,NZD,New Zealand Dollar,0.1782420727,5.610347685,2021-04-26
12,THB,Thai Baht,4.050433838,0.2468871336,2021-04-26
13,HUF,Hungarian Forint,38.80346515,0.02577089433,2021-04-26
14,AED,Emirati Dirham,0.4732601635,2.113002693,2021-04-26
15,HKD,Hong Kong Dollar,1.0,1.0,2021-04-26
16,MXN,Mexican Peso,2.557623084,0.3909880256,2021-04-26
17,ZAR,South African Rand,1.837311258,0.5442735929,2021-04-26
18,PHP,Philippine Peso,6.2278836,0.1605681905,2021-04-26
19,SEK,Swedish Krona,1.080543139,0.9254605058,2021-04-26
20,IDR,Indonesian Rupiah,1866.094124,0.00053587865,2021-04-26
21,BRL,Brazilian Real,0.7024642272,1.423560035,2021-04-26
22,SAR,Saudi Arabian Riyal,0.4832472738,2.069333971,2021-04-26
23,TRY,Turkish Lira,1.069104391,0.9353623538,2021-04-26
24,KES,Kenyan Shilling,13.94233581,0.07172399329,2021-04-26
25,KRW,South Korean Won,143.1508238,0.006985639154,2021-04-26
26,EGP,Egyptian Pound,2.021943183,0.494573739,2021-04-26
27,IQD,Iraqi Dinar,188.0541987,0.005317615915,2021-04-26
28,NOK,Norwegian Krone,1.067831048,0.9364777339,2021-04-26
29,KWD,Kuwaiti Dinar,0.03880027933,25.77301033,2021-04-26
30,RUB,Russian Ruble,9.648294422,0.1036452617,2021-04-26
31,DKK,Danish Krone,0.7932437536,1.260646548,2021-04-26
32,PKR,Pakistani Rupee,19.84495447,0.0503906422,2021-04-26
33,ILS,Israeli Shekel,0.4173228229,2.396226482,2021-04-26
34,PLN,Polish Zloty,0.4864379837,2.055760515,2021-04-26
35,QAR,Qatari Riyal,0.4690720204,2.131868789,2021-04-26
36,XAU,Gold Ounce,7.245339263e-05,13801.97619,2021-04-26
37,OMR,Omani Rial,0.04954895381,20.18206083,2021-04-26
38,COP,Colombian Peso,471.3315935,0.002121648567,2021-04-26
39,CLP,Chilean Peso,91.18455863,0.0109667691,2021-04-26
40,TWD,Taiwan New Dollar,3.589511544,0.278589437,2021-04-26
41,ARS,Argentine Peso,12.0204218,0.08319175623,2021-04-26
42,CZK,Czech Koruna,2.758163706,0.3625600604,2021-04-26
43,VND,Vietnamese Dong,2963.819085,0.0003374025105,2021-04-26
44,MAD,Moroccan Dirham,1.14740314,0.8715332607,2021-04-26
45,JOD,Jordanian Dinar,0.09136595123,10.94499632,2021-04-26
46,BHD,Bahraini Dinar,0.04845359332,20.63830423,2021-04-26
47,XOF,CFA Franc,69.97314892,0.0142911962,2021-04-26
48,LKR,Sri Lankan Rupee,25.06349334,0.03989866801,2021-04-26
49,UAH,Ukrainian Hryvnia,3.588060198,0.2787021245,2021-04-26
50,NGN,Nigerian Naira,49.05107414,0.02038691338,2021-04-26
51,TND,Tunisian Dinar,0.3507915653,2.850695681,2021-04-26
52,UGX,Ugandan Shilling,463.9710795,0.002155306751,2021-04-26
53,RON,Romanian Leu,0.5252649103,1.903801264,2021-04-26
54,BDT,Bangladeshi Taka,10.90424834,0.0917073758,2021-04-26
55,PEN,Peruvian Sol,0.493089633,2.028028847,2021-04-26
56,GEL,Georgian Lari,0.4445771527,2.249328365,2021-04-26
57,XAF,Central African CFA Franc BEAC,69.97314892,0.0142911962,2021-04-26
58,FJD,Fijian Dollar,0.2649201034,3.774722972,2021-04-26
59,VEF,Venezuelan Bolívar,34001598130.0,2.94103e-11,2021-04-26
60,VES,Venezuelan Bolívar,340015.9813,2.941038231e-06,2021-04-26
61,BYN,Belarusian Ruble,0.3299649303,3.0306251,2021-04-26
62,HRK,Croatian Kuna,0.8070332439,1.239106329,2021-04-26
63,UZS,Uzbekistani Som,1360.508327,0.0007350193898,2021-04-26
64,BGN,Bulgarian Lev,0.2086349926,4.793059819,2021-04-26
65,DZD,Algerian Dinar,17.20971593,0.0581067116,2021-04-26
66,IRR,Iranian Rial,5415.706189,0.0001846481262,2021-04-26
67,DOP,Dominican Peso,7.335772264,0.1363182994,2021-04-26
68,ISK,Icelandic Krona,16.05942689,0.06226872271,2021-04-26
69,CRC,Costa Rican Colon,78.92149058,0.01267081998,2021-04-26
70,XAG,Silver Ounce,0.004926580918,202.9805288,2021-04-26
71,SYP,Syrian Pound,162.0955216,0.0061692019,2021-04-26
72,JMD,Jamaican Dollar,19.47026818,0.05136036086,2021-04-26
73,LYD,Libyan Dinar,0.5798824201,1.724487526,2021-04-26
74,GHS,Ghanaian Cedi,0.7440306118,1.344030722,2021-04-26
75,MUR,Mauritian Rupee,5.214128068,0.1917866203,2021-04-26
76,AOA,Angolan Kwanza,84.56269859,0.01182554503,2021-04-26
77,UYU,Uruguayan Peso,5.679746835,0.1760641854,2021-04-26
78,AFN,Afghan Afghani,9.989367433,0.1001064388,2021-04-26
79,LBP,Lebanese Pound,194.2654041,0.005147596942,2021-04-26
80,XPF,CFP Franc,12.72952003,0.07855755736,2021-04-26
81,TTD,Trinidadian Dollar,0.8736823291,1.144580778,2021-04-26
82,TZS,Tanzanian Shilling,298.8352412,0.003346325541,2021-04-26
83,ALL,Albanian Lek,13.14204689,0.07609164757,2021-04-26
84,XCD,East Caribbean Dollar,0.3482621638,2.871400066,2021-04-26
85,GTQ,Guatemalan Quetzal,0.9918875122,1.008178839,2021-04-26
86,NPR,Nepalese Rupee,15.48690785,0.06457066897,2021-04-26
87,BOB,Bolivian Bolíviano,0.8867973952,1.12765329,2021-04-26
88,ZWD,Zimbabwean Dollar,46.63658357,0.02144239401,2021-04-26
89,BBD,Barbadian or Bajan Dollar,0.2577318794,3.880001195,2021-04-26
90,CUC,Cuban Convertible Peso,0.1288659397,7.760002391,2021-04-26
91,LAK,Lao Kip,1210.750603,0.0008259339267,2021-04-26
92,BND,Bruneian Dollar,0.1708655041,5.852556403,2021-04-26
93,BWP,Botswana Pula,1.389256266,0.7198096018,2021-04-26
94,HNL,Honduran Lempira,3.087337289,0.3239037094,2021-04-26
95,PYG,Paraguayan Guarani,830.6206206,0.001203919064,2021-04-26
96,ETB,Ethiopian Birr,5.386479996,0.1856499979,2021-04-26
97,NAD,Namibian Dollar,1.837311258,0.5442735929,2021-04-26
98,PGK,Papua New Guinean Kina,0.4506363485,2.219084198,2021-04-26
99,SDG,Sudanese Pound,49.01072986,0.02040369533,2021-04-26
100,MOP,Macau Pataca,1.03,0.9708737864,2021-04-26
101,BMD,Bermudian Dollar,0.1288659397,7.760002391,2021-04-26
102,NIO,Nicaraguan Cordoba,4.530468927,0.2207277031,2021-04-26
103,BAM,Bosnian Convertible Mark,0.2086349926,4.793059819,2021-04-26
104,KZT,Kazakhstani Tenge,55.45223219,0.01803353915,2021-04-26
105,PAB,Panamanian Balboa,0.1288659397,7.760002391,2021-04-26
106,GYD,Guyanese Dollar,26.88184982,0.03719982094,2021-04-26
107,YER,Yemeni Rial,32.25021755,0.03100754277,2021-04-26
108,MGA,Malagasy Ariary,490.2950049,0.002039588391,2021-04-26
109,KYD,Caymanian Dollar,0.1056715997,9.463280608,2021-04-26
110,MZN,Mozambican Metical,7.265642371,0.1376340795,2021-04-26
111,RSD,Serbian Dinar,12.54027103,0.07974309307,2021-04-26
112,SCR,Seychellois Rupee,1.784520665,0.5603745698,2021-04-26
113,AMD,Armenian Dram,66.91962594,0.01494329931,2021-04-26
114,AZN,Azerbaijan Manat,0.2189426551,4.567406015,2021-04-26
115,SBD,Solomon Islander Dollar,1.027239001,0.9734832874,2021-04-26
116,SLL,Sierra Leonean Leone,1313.494981,0.0007613276138,2021-04-26
117,TOP,Tongan Pa'anga,0.2914857234,3.430699755,2021-04-26
118,BZD,Belizean Dollar,0.25881021,3.863835202,2021-04-26
119,GMD,Gambian Dalasi,6.585756577,0.1518428427,2021-04-26
120,MWK,Malawian Kwacha,101.9607853,0.00980769221,2021-04-26
121,BIF,Burundian Franc,253.4496008,0.003945557606,2021-04-26
122,HTG,Haitian Gourde,10.81162107,0.09249306778,2021-04-26
123,SOS,Somali Shilling,74.14796573,0.01348654667,2021-04-26
124,GNF,Guinean Franc,1278.622461,0.0007820916889,2021-04-26
125,MNT,Mongolian Tughrik,367.2730633,0.002722769786,2021-04-26
126,MVR,Maldivian Rufiyaa,1.975242265,0.5062670121,2021-04-26
127,CDF,Congolese Franc,255.4331647,0.003914918414,2021-04-26
128,STN,Sao Tomean Dobra,2.624325749,0.3810502566,2021-04-26
129,TJS,Tajikistani Somoni,1.464110488,0.6830085629,2021-04-26
130,KPW,North Korean Won,115.9776824,0.008622348533,2021-04-26
131,KGS,Kyrgyzstani Som,10.92628057,0.09152245301,2021-04-26
132,LRD,Liberian Dollar,22.21094689,0.04502284414,2021-04-26
133,LSL,Basotho Loti,1.837311258,0.5442735929,2021-04-26
134,MMK,Burmese Kyat,181.5728194,0.005507432242,2021-04-26
135,GIP,Gibraltar Pound,0.09278112265,10.77805454,2021-04-26
136,XPT,Platinum Ounce,0.0001041449679,9602.000174,2021-04-26
137,MDL,Moldovan Leu,2.305987523,0.4336536906,2021-04-26
138,CUP,Cuban Peso,3.110170271,0.321525805,2021-04-26
139,KHR,Cambodian Riel,521.7178961,0.001916744677,2021-04-26
140,MKD,Macedonian Denar,6.570711053,0.1521905304,2021-04-26
141,VUV,Ni-Vanuatu Vatu,13.96920854,0.07158601698,2021-04-26
142,ANG,Dutch Guilder,0.2306561332,4.335458095,2021-04-26
143,MRU,Mauritanian Ouguiya,4.640378618,0.2154996569,2021-04-26
144,SZL,Swazi Lilangeni,1.837311258,0.5442735929,2021-04-26
145,CVE,Cape Verdean Escudo,11.76287338,0.08501324191,2021-04-26
146,SRD,Surinamese Dollar,1.823402532,0.5484252559,2021-04-26
147,SVC,Salvadoran Colon,1.127576972,0.8868574161,2021-04-26
148,XPD,Palladium Ounce,4.430747346e-05,22569.55592,2021-04-26
149,BSD,Bahamian Dollar,0.1288659397,7.760002391,2021-04-26
150,XDR,IMF Special Drawing Rights,0.08972180004,11.14556328,2021-04-26
151,RWF,Rwandan Franc,126.6836695,0.007893677251,2021-04-26
152,AWG,Aruban or Dutch Guilder,0.230670032,4.335196866,2021-04-26
153,BTN,Bhutanese Ngultrum,9.634157293,0.1037973504,2021-04-26
154,DJF,Djiboutian Franc,22.91017547,0.04364872723,2021-04-26
155,KMF,Comorian Franc,52.47986169,0.01905492827,2021-04-26
156,ERN,Eritrean Nakfa,1.932989095,0.5173334927,2021-04-26
157,FKP,Falkland Island Pound,0.09278112265,10.77805454,2021-04-26
158,SHP,Saint Helenian Pound,0.09278112265,10.77805454,2021-04-26
159,SPL,Seborgan Luigino,0.02147765653,46.56001453,2021-04-26
160,WST,Samoan Tala,0.3256763184,3.070533359,2021-04-26
161,JEP,Jersey Pound,0.09278112265,10.77805454,2021-04-26
162,TMT,Turkmenistani Manat,0.4514726493,2.214973602,2021-04-26
163,GGP,Guernsey Pound,0.09278112265,10.77805454,2021-04-26
164,IMP,Isle of Man Pound,0.09278112265,10.77805454,2021-04-26
165,TVD,Tuvaluan Dollar,0.1652286439,6.052219375,2021-04-26
166,ZMW,Zambian Kwacha,2.869537383,0.3484882288,2021-04-26
167,CLF,CLF,0.003315766259,301.5894131,2021-04-26
168,CNH,CNH,0.8345353893,1.198271533,2021-04-26
169,MXV,MXV,0.3850267381,2.597222222,2021-04-26
170,XBT,Bitcoin,2.40302761e-06,416141.7021,2021-04-26
0,USD,US Dollar,0.128843485,7.761354795,2021-04-27
1,EUR,Euro,0.1066657549,9.37508014,2021-04-27
2,GBP,British Pound,0.09262486921,10.79623657,2021-04-27
3,INR,Indian Rupee,9.609693722,0.1040615892,2021-04-27
4,AUD,Australian Dollar,0.1656968388,6.035118156,2021-04-27
5,CAD,Canadian Dollar,0.1597082227,6.261418374,2021-04-27
6,SGD,Singapore Dollar,0.1708177884,5.854191236,2021-04-27
7,CHF,Swiss Franc,0.1176945113,8.496572944,2021-04-27
8,MYR,Malaysian Ringgit,0.5280012966,1.893934743,2021-04-27
9,JPY,Japanese Yen,13.98640938,0.07149797872,2021-04-27
10,CNY,Chinese Yuan Renminbi,0.8353548966,1.197095994,2021-04-27
11,NZD,New Zealand Dollar,0.1786069823,5.598885256,2021-04-27
12,THB,Thai Baht,4.03951831,0.2475542684,2021-04-27
13,HUF,Hungarian Forint,38.67509127,0.02585643543,2021-04-27
14,AED,Emirati Dirham,0.4731776986,2.113370945,2021-04-27
15,HKD,Hong Kong Dollar,1.0,1.0,2021-04-27
16,MXN,Mexican Peso,2.573756459,0.3885371502,2021-04-27
17,ZAR,South African Rand,1.851658947,0.5400562569,2021-04-27
18,PHP,Philippine Peso,6.246516321,0.1600892319,2021-04-27
19,SEK,Swedish Krona,1.079186807,0.9266236331,2021-04-27
20,IDR,Indonesian Rupiah,1867.602366,0.000535445884,2021-04-27
21,BRL,Brazilian Real,0.6999730535,1.428626423,2021-04-27
22,SAR,Saudi Arabian Riyal,0.4831630687,2.069694612,2021-04-27
23,TRY,Turkish Lira,1.059253591,0.9440609955,2021-04-27
24,KES,Kenyan Shilling,13.89891665,0.0719480536,2021-04-27
25,KRW,South Korean Won,143.3999595,0.006973502665,2021-04-27
26,EGP,Egyptian Pound,2.018947735,0.4953075223,2021-04-27
27,IQD,Iraqi Dinar,188.0182535,0.005318632534,2021-04-27
28,NOK,Norwegian Krone,1.066645896,0.9375182555,2021-04-27
29,KWD,Kuwaiti Dinar,0.03879676217,25.77534681,2021-04-27
30,RUB,Russian Ruble,9.643589536,0.1036958278,2021-04-27
31,DKK,Danish Krone,0.793173637,1.26075799,2021-04-27
32,PKR,Pakistani Rupee,19.88506033,0.05028901012,2021-04-27
33,ILS,Israeli Shekel,0.4175944201,2.394668013,2021-04-27
34,PLN,Polish Zloty,0.4876188868,2.050781926,2021-04-27
35,QAR,Qatari Riyal,0.4689902853,2.132240328,2021-04-27
36,XAU,Gold Ounce,7.242985469e-05,13806.4615,2021-04-27
37,OMR,Omani Rial,0.04954031998,20.18557814,2021-04-27
38,COP,Colombian Peso,478.1534139,0.002091378982,2021-04-27
39,CLP,Chilean Peso,90.24068052,0.01108147672,2021-04-27
40,TWD,Taiwan New Dollar,3.595082276,0.2781577508,2021-04-27
41,ARS,Argentine Peso,12.02536429,0.08315756396,2021-04-27
42,CZK,Czech Koruna,2.765001319,0.3616634803,2021-04-27
43,VND,Vietnamese Dong,2966.322666,0.0003371177423,2021-04-27
44,MAD,Moroccan Dirham,1.146938601,0.8718862534,2021-04-27
45,JOD,Jordanian Dinar,0.09135003085,10.9469038,2021-04-27
46,BHD,Bahraini Dinar,0.04844515035,20.64190105,2021-04-27
47,XOF,CFA Franc,69.96814856,0.01429221754,2021-04-27
48,LKR,Sri Lankan Rupee,25.12769043,0.03979673352,2021-04-27
49,UAH,Ukrainian Hryvnia,3.587530346,0.2787432868,2021-04-27
50,NGN,Nigerian Naira,49.02041555,0.02039966387,2021-04-27
51,TND,Tunisian Dinar,0.3521922891,2.839358018,2021-04-27
52,UGX,Ugandan Shilling,463.7772473,0.002156207546,2021-04-27
53,RON,Romanian Leu,0.5257666417,1.901984494,2021-04-27
54,BDT,Bangladeshi Taka,10.91638319,0.09160543217,2021-04-27
55,PEN,Peruvian Sol,0.4941962107,2.023487794,2021-04-27
56,GEL,Georgian Lari,0.4451392722,2.246487925,2021-04-27
57,XAF,Central African CFA Franc BEAC,69.96814856,0.01429221754,2021-04-27
58,FJD,Fijian Dollar,0.2627129865,3.806435354,2021-04-27
59,VEF,Venezuelan Bolívar,34989656900.0,2.85798e-11,2021-04-27
60,VES,Venezuelan Bolívar,349896.569,2.857987441e-06,2021-04-27
61,BYN,Belarusian Ruble,0.3299070873,3.031156463,2021-04-27
62,HRK,Croatian Kuna,0.805914545,1.240826346,2021-04-27
63,UZS,Uzbekistani Som,1352.789624,0.0007392132391,2021-04-27
64,BGN,Bulgarian Lev,0.2086200833,4.793402361,2021-04-27
65,DZD,Algerian Dinar,17.21745543,0.05808059175,2021-04-27
66,IRR,Iranian Rial,5414.663689,0.000184683677,2021-04-27
67,DOP,Dominican Peso,7.332399535,0.1363810026,2021-04-27
68,ISK,Icelandic Krona,15.97587971,0.06259436213,2021-04-27
69,CRC,Costa Rican Colon,79.27185164,0.01261481824,2021-04-27
70,XAG,Silver Ounce,0.004877115594,205.0392247,2021-04-27
71,SYP,Syrian Pound,162.0672767,0.006170277062,2021-04-27
72,JMD,Jamaican Dollar,19.54035168,0.05117615161,2021-04-27
73,LYD,Libyan Dinar,0.5764441945,1.734773304,2021-04-27
74,GHS,Ghanaian Cedi,0.7427788377,1.34629576,2021-04-27
75,MUR,Mauritian Rupee,5.209783954,0.1919465392,2021-04-27
76,AOA,Angolan Kwanza,84.50467769,0.01183366445,2021-04-27
77,UYU,Uruguayan Peso,5.68029283,0.176047262,2021-04-27
78,AFN,Afghan Afghani,10.06069868,0.0993966753,2021-04-27
79,LBP,Lebanese Pound,194.2315536,0.00514849406,2021-04-27
80,XPF,CFP Franc,12.72861037,0.07856317157,2021-04-27
81,TTD,Trinidadian Dollar,0.874539934,1.143458361,2021-04-27
82,TZS,Tanzanian Shilling,298.7172844,0.00334764693,2021-04-27
83,ALL,Albanian Lek,13.12688269,0.07617954878,2021-04-27
84,XCD,East Caribbean Dollar,0.3481921469,2.871977467,2021-04-27
85,GTQ,Guatemalan Quetzal,0.9930034001,1.007045897,2021-04-27
86,NPR,Nepalese Rupee,15.44758266,0.06473504769,2021-04-27
87,BOB,Bolivian Bolíviano,0.8883277868,1.125710593,2021-04-27
88,ZWD,Zimbabwean Dollar,46.62845721,0.02144613096,2021-04-27
89,BBD,Barbadian or Bajan Dollar,0.25768697,3.880677398,2021-04-27
90,CUC,Cuban Convertible Peso,0.128843485,7.761354795,2021-04-27
91,LAK,Lao Kip,1213.123891,0.0008243181159,2021-04-27
92,BND,Bruneian Dollar,0.1708177884,5.854191236,2021-04-27
93,BWP,Botswana Pula,1.388958705,0.7199638093,2021-04-27
94,HNL,Honduran Lempira,3.093557453,0.3232524416,2021-04-27
95,PYG,Paraguayan Guarani,832.562246,0.001201111394,2021-04-27
96,ETB,Ethiopian Birr,5.390637195,0.1855068267,2021-04-27
97,NAD,Namibian Dollar,1.851658947,0.5400562569,2021-04-27
98,PGK,Papua New Guinean Kina,0.4521509739,2.21165066,2021-04-27
99,SDG,Sudanese Pound,48.9750422,0.02041856331,2021-04-27
100,MOP,Macau Pataca,1.03,0.9708737864,2021-04-27
101,BMD,Bermudian Dollar,0.128843485,7.761354795,2021-04-27
102,NIO,Nicaraguan Cordoba,4.534773691,0.2205181709,2021-04-27
103,BAM,Bosnian Convertible Mark,0.2086200833,4.793402361,2021-04-27
104,KZT,Kazakhstani Tenge,55.33541581,0.01807160903,2021-04-27
105,PAB,Panamanian Balboa,0.128843485,7.761354795,2021-04-27
106,GYD,Guyanese Dollar,26.98232139,0.03706130342,2021-04-27
107,YER,Yemeni Rial,32.13083533,0.03112275139,2021-04-27
108,MGA,Malagasy Ariary,487.7348557,0.002050294311,2021-04-27
109,KYD,Caymanian Dollar,0.1056516904,9.465063888,2021-04-27
110,MZN,Mozambican Metical,7.286866571,0.1372331976,2021-04-27
111,RSD,Serbian Dinar,12.54378413,0.07972075968,2021-04-27
112,SCR,Seychellois Rupee,1.780889993,0.5615169964,2021-04-27
113,AMD,Armenian Dram,66.88791993,0.01495038269,2021-04-27
114,AZN,Azerbaijan Manat,0.2189031036,4.568231257,2021-04-27
115,SBD,Solomon Islander Dollar,1.027091608,0.9736229879,2021-04-27
116,SLL,Sierra Leonean Leone,1315.548445,0.0007601392439,2021-04-27
117,TOP,Tongan Pa'anga,0.2909213908,3.437354666,2021-04-27
118,BZD,Belizean Dollar,0.2593501823,3.855790619,2021-04-27
119,GMD,Gambian Dalasi,6.583116551,0.1519037362,2021-04-27
120,MWK,Malawian Kwacha,102.1339181,0.009791066653,2021-04-27
121,BIF,Burundian Franc,252.994504,0.003952655035,2021-04-27
122,HTG,Haitian Gourde,11.02286391,0.09072052488,2021-04-27
123,SOS,Somali Shilling,74.39957898,0.01344093628,2021-04-27
124,GNF,Guinean Franc,1276.729314,0.000783251382,2021-04-27
125,MNT,Mongolian Tughrik,367.1142005,0.002723948021,2021-04-27
126,MVR,Maldivian Rufiyaa,1.994448125,0.5013918325,2021-04-27
127,CDF,Congolese Franc,255.5711106,0.003912805315,2021-04-27
128,STN,Sao Tomean Dobra,2.610882666,0.3830122329,2021-04-27
129,TJS,Tajikistani Somoni,1.468571231,0.6809339435,2021-04-27
130,KPW,North Korean Won,115.9540141,0.008624108509,2021-04-27
131,KGS,Kyrgyzstani Som,10.92581679,0.09152633796,2021-04-27
132,LRD,Liberian Dollar,22.17124169,0.04510347295,2021-04-27
133,LSL,Basotho Loti,1.851658947,0.5400562569,2021-04-27
134,MMK,Burmese Kyat,181.5711266,0.00550748359,2021-04-27
135,GIP,Gibraltar Pound,0.09262486921,10.79623657,2021-04-27
136,XPT,Platinum Ounce,0.0001027045047,9736.671269,2021-04-27
137,MDL,Moldovan Leu,2.301977863,0.4344090428,2021-04-27
138,CUP,Cuban Peso,3.1233913,0.3201648157,2021-04-27
139,KHR,Cambodian Riel,521.5030308,0.001917534397,2021-04-27
140,MKD,Macedonian Denar,6.566119218,0.1522969606,2021-04-27
141,VUV,Ni-Vanuatu Vatu,13.86765861,0.07211022623,2021-04-27
142,ANG,Dutch Guilder,0.2304845142,4.338686283,2021-04-27
143,MRU,Mauritanian Ouguiya,4.644470724,0.2153097865,2021-04-27
144,SZL,Swazi Lilangeni,1.851658947,0.5400562569,2021-04-27
145,CVE,Cape Verdean Escudo,11.76203279,0.08501931749,2021-04-27
146,SRD,Surinamese Dollar,1.820262417,0.5493713382,2021-04-27
147,SVC,Salvadoran Colon,1.127380494,0.8870119766,2021-04-27
148,XPD,Palladium Ounce,4.363244677e-05,22918.72388,2021-04-27
149,BSD,Bahamian Dollar,0.128843485,7.761354795,2021-04-27
150,XDR,IMF Special Drawing Rights,0.08972095876,11.14566779,2021-04-27
151,RWF,Rwandan Franc,127.8525088,0.007821512532,2021-04-27
152,AWG,Aruban or Dutch Guilder,0.2306298381,4.3359524,2021-04-27
153,BTN,Bhutanese Ngultrum,9.609693722,0.1040615892,2021-04-27
154,DJF,Djiboutian Franc,22.91561112,0.04363837362,2021-04-27
155,KMF,Comorian Franc,52.47611142,0.01905629005,2021-04-27
156,ERN,Eritrean Nakfa,1.932652275,0.517423653,2021-04-27
157,FKP,Falkland Island Pound,0.09262486921,10.79623657,2021-04-27
158,SHP,Saint Helenian Pound,0.09262486921,10.79623657,2021-04-27
159,SPL,Seborgan Luigino,0.02147391408,46.56812896,2021-04-27
160,WST,Samoan Tala,0.3253262016,3.073837875,2021-04-27
161,JEP,Jersey Pound,0.09262486921,10.79623657,2021-04-27
162,TMT,Turkmenistani Manat,0.451374472,2.215455375,2021-04-27
163,GGP,Guernsey Pound,0.09262486921,10.79623657,2021-04-27
164,IMP,Isle of Man Pound,0.09262486921,10.79623657,2021-04-27
165,TVD,Tuvaluan Dollar,0.1656968388,6.035118156,2021-04-27
166,ZMW,Zambian Kwacha,2.874161394,0.3479275737,2021-04-27
167,CLF,CLF,0.003280203685,304.8591173,2021-04-27
168,CNH,CNH,0.8347334597,1.1979872,2021-04-27
169,MXV,MXV,0.3881316133,2.576445633,2021-04-27
170,XBT,Bitcoin,2.339681728e-06,427408.5607,2021-04-27
0,USD,US Dollar,0.12880588,7.763620728,2021-04-28
1,EUR,Euro,0.1064375257,9.395182698,2021-04-28
2,GBP,British Pound,0.09254290166,10.80579906,2021-04-28
3,INR,Indian Rupee,9.594005697,0.1042317497,2021-04-28
4,AUD,Australian Dollar,0.1658032028,6.031246581,2021-04-28
5,CAD,Canadian Dollar,0.15913676,6.28390323,2021-04-28
6,SGD,Singapore Dollar,0.17071119,5.85784681,2021-04-28
7,CHF,Swiss Franc,0.1174961713,8.510915621,2021-04-28
8,MYR,Malaysian Ringgit,0.5284478819,1.8923342,2021-04-28
9,JPY,Japanese Yen,14.01366645,0.07135891265,2021-04-28
10,CNY,Chinese Yuan Renminbi,0.83452038,1.198293084,2021-04-28
11,NZD,New Zealand Dollar,0.1778456075,5.622854643,2021-04-28
12,THB,Thai Baht,4.041917237,0.247407342,2021-04-28
13,HUF,Hungarian Forint,38.54923464,0.02594085224,2021-04-28
14,AED,Emirati Dirham,0.4730395944,2.113987945,2021-04-28
15,HKD,Hong Kong Dollar,1.0,1.0,2021-04-28
16,MXN,Mexican Peso,2.569065479,0.3892465988,2021-04-28
17,ZAR,South African Rand,1.838314958,0.5439764257,2021-04-28
18,PHP,Philippine Peso,6.243271053,0.1601724467,2021-04-28
19,SEK,Swedish Krona,1.077215825,0.928319077,2021-04-28
20,IDR,Indonesian Rupiah,1868.57674,0.0005351666745,2021-04-28
21,BRL,Brazilian Real,0.6956931353,1.437415362,2021-04-28
22,SAR,Saudi Arabian Riyal,0.4830220501,2.070298861,2021-04-28
23,TRY,Turkish Lira,1.058959606,0.9443230829,2021-04-28
24,KES,Kenyan Shilling,13.89293754,0.07197901793,2021-04-28
25,KRW,South Korean Won,143.3087883,0.006977939118,2021-04-28
26,EGP,Egyptian Pound,2.018606137,0.4953913404,2021-04-28
27,IQD,Iraqi Dinar,187.9769631,0.005319800806,2021-04-28
28,NOK,Norwegian Krone,1.059396438,0.9439337008,2021-04-28
29,KWD,Kuwaiti Dinar,0.03879882625,25.77397557,2021-04-28
30,RUB,Russian Ruble,9.619739519,0.1039529187,2021-04-28
31,DKK,Danish Krone,0.7914200298,1.263551543,2021-04-28
32,PKR,Pakistani Rupee,19.84841211,0.05038186402,2021-04-28
33,ILS,Israeli Shekel,0.418930086,2.387033143,2021-04-28
34,PLN,Polish Zloty,0.4879283031,2.049481437,2021-04-28
35,QAR,Qatari Riyal,0.4688534033,2.132862837,2021-04-28
36,XAU,Gold Ounce,7.257701268e-05,13778.46736,2021-04-28
37,OMR,Omani Rial,0.04952586087,20.19147133,2021-04-28
38,COP,Colombian Peso,476.5873604,0.002098251198,2021-04-28
39,CLP,Chilean Peso,90.20431138,0.01108594461,2021-04-28
40,TWD,Taiwan New Dollar,3.593095583,0.2783115497,2021-04-28
41,ARS,Argentine Peso,12.03163889,0.08311419662,2021-04-28
42,CZK,Czech Koruna,2.759364184,0.3624023265,2021-04-28
43,VND,Vietnamese Dong,2962.819193,0.000337516377,2021-04-28
44,MAD,Moroccan Dirham,1.146431785,0.8722716983,2021-04-28
45,JOD,Jordanian Dinar,0.09132336893,10.95009976,2021-04-28
46,BHD,Bahraini Dinar,0.04843101089,20.64792747,2021-04-28
47,XOF,CFA Franc,69.81844005,0.01432286369,2021-04-28
48,LKR,Sri Lankan Rupee,25.1102885,0.03982431345,2021-04-28
49,UAH,Ukrainian Hryvnia,3.584173018,0.2790043882,2021-04-28
50,NGN,Nigerian Naira,49.00061568,0.02040790684,2021-04-28
51,TND,Tunisian Dinar,0.3513634887,2.84605553,2021-04-28
52,UGX,Ugandan Shilling,463.9587007,0.002155364257,2021-04-28
53,RON,Romanian Leu,0.5245459146,1.906410806,2021-04-28
54,BDT,Bangladeshi Taka,10.91258439,0.09163732111,2021-04-28
55,PEN,Peruvian Sol,0.4894442309,2.043133695,2021-04-28
56,GEL,Georgian Lari,0.4445284509,2.249574798,2021-04-28
57,XAF,Central African CFA Franc BEAC,69.81844005,0.01432286369,2021-04-28
58,FJD,Fijian Dollar,0.2622895949,3.812579757,2021-04-28
59,VEF,Venezuelan Bolívar,34565492450.0,2.89305e-11,2021-04-28
60,VES,Venezuelan Bolívar,345654.9245,2.893058739e-06,2021-04-28
61,BYN,Belarusian Ruble,0.3296295888,3.033708241,2021-04-28
62,HRK,Croatian Kuna,0.8047660709,1.242597117,2021-04-28
63,UZS,Uzbekistani Som,1350.493513,0.0007404700505,2021-04-28
64,BGN,Bulgarian Lev,0.2081737059,4.803680636,2021-04-28
65,DZD,Algerian Dinar,17.22594981,0.05805195132,2021-04-28
66,IRR,Iranian Rial,5413.090629,0.0001847373467,2021-04-28
67,DOP,Dominican Peso,7.329859635,0.1364282605,2021-04-28
68,ISK,Icelandic Krona,15.81995257,0.06321131469,2021-04-28
69,CRC,Costa Rican Colon,79.23447427,0.01262076904,2021-04-28
70,XAG,Silver Ounce,0.004940336274,202.4153711,2021-04-28
71,SYP,Syrian Pound,162.0199749,0.006172078478,2021-04-28
72,JMD,Jamaican Dollar,19.57531591,0.05108474391,2021-04-28
73,LYD,Libyan Dinar,0.5765135521,1.734564602,2021-04-28
74,GHS,Ghanaian Cedi,0.7432894302,1.345370941,2021-04-28
75,MUR,Mauritian Rupee,5.207114045,0.1920449584,2021-04-28
76,AOA,Angolan Kwanza,84.32769676,0.01185850009,2021-04-28
77,UYU,Uruguayan Peso,5.677571857,0.1761316325,2021-04-28
78,AFN,Afghan Afghani,10.05034448,0.09949907711,2021-04-28
79,LBP,Lebanese Pound,194.1748641,0.005149997166,2021-04-28
80,XPF,CFP Franc,12.70137538,0.07873163101,2021-04-28
81,TTD,Trinidadian Dollar,0.8748207213,1.143091351,2021-04-28
82,TZS,Tanzanian Shilling,298.6805722,0.003348058404,2021-04-28
83,ALL,Albanian Lek,13.11118467,0.07627075855,2021-04-28
84,XCD,East Caribbean Dollar,0.3480833135,2.872875433,2021-04-28
85,GTQ,Guatemalan Quetzal,0.993329312,1.006715485,2021-04-28
86,NPR,Nepalese Rupee,15.42236416,0.06484090181,2021-04-28
87,BOB,Bolivian Bolíviano,0.8887911004,1.125123777,2021-04-28
88,ZWD,Zimbabwean Dollar,46.61484798,0.02145239218,2021-04-28
89,BBD,Barbadian or Bajan Dollar,0.25761176,3.881810364,2021-04-28
90,CUC,Cuban Convertible Peso,0.12880588,7.763620728,2021-04-28
91,LAK,Lao Kip,1212.489513,0.0008247494016,2021-04-28
92,BND,Bruneian Dollar,0.17071119,5.85784681,2021-04-28
93,BWP,Botswana Pula,1.389373663,0.7197487805,2021-04-28
94,HNL,Honduran Lempira,3.093668665,0.3232408212,2021-04-28
95,PYG,Paraguayan Guarani,835.9866047,0.001196191415,2021-04-28
96,ETB,Ethiopian Birr,5.390393496,0.1855152134,2021-04-28
97,NAD,Namibian Dollar,1.838314958,0.5439764257,2021-04-28
98,PGK,Papua New Guinean Kina,0.4524673726,2.210104111,2021-04-28
99,SDG,Sudanese Pound,48.96438478,0.02042300755,2021-04-28
100,MOP,Macau Pataca,1.03,0.9708737864,2021-04-28
101,BMD,Bermudian Dollar,0.12880588,7.763620728,2021-04-28
102,NIO,Nicaraguan Cordoba,4.533430931,0.2205834864,2021-04-28
103,BAM,Bosnian Convertible Mark,0.2081737059,4.803680636,2021-04-28
104,KZT,Kazakhstani Tenge,55.26973035,0.01809308628,2021-04-28
105,PAB,Panamanian Balboa,0.12880588,7.763620728,2021-04-28
106,GYD,Guyanese Dollar,26.96168139,0.037089675,2021-04-28
107,YER,Yemeni Rial,32.13558108,0.03111815522,2021-04-28
108,MGA,Malagasy Ariary,487.627519,0.002050745622,2021-04-28
109,KYD,Caymanian Dollar,0.1056208044,9.467831695,2021-04-28
110,MZN,Mozambican Metical,7.35813295,0.1359040407,2021-04-28
111,RSD,Serbian Dinar,12.53007339,0.07980799224,2021-04-28
112,SCR,Seychellois Rupee,1.829424076,0.5466201155,2021-04-28
113,AMD,Armenian Dram,66.8130237,0.0149671418,2021-04-28
114,AZN,Azerbaijan Manat,0.2188442666,4.569459441,2021-04-28
115,SBD,Solomon Islander Dollar,1.016563117,0.98370675,2021-04-28
116,SLL,Sierra Leonean Leone,1316.472616,0.0007596056216,2021-04-28
117,TOP,Tongan Pa'anga,0.2908764958,3.4378852,2021-04-28
118,BZD,Belizean Dollar,0.259383802,3.855290857,2021-04-28
119,GMD,Gambian Dalasi,6.585354525,0.1518521131,2021-04-28
120,MWK,Malawian Kwacha,102.1358493,0.009790881523,2021-04-28
121,BIF,Burundian Franc,252.6568078,0.003957938078,2021-04-28
122,HTG,Haitian Gourde,10.96619042,0.09118937043,2021-04-28
123,SOS,Somali Shilling,74.4300328,0.01343543678,2021-04-28
124,GNF,Guinean Franc,1275.62502,0.0007839294343,2021-04-28
125,MNT,Mongolian Tughrik,366.9413635,0.002725231057,2021-04-28
126,MVR,Maldivian Rufiyaa,1.976368925,0.5059784069,2021-04-28
127,CDF,Congolese Franc,255.3264799,0.003916554211,2021-04-28
128,STN,Sao Tomean Dobra,2.620660519,0.3815831898,2021-04-28
129,TJS,Tajikistani Somoni,1.468818132,0.6808194822,2021-04-28
130,KPW,North Korean Won,115.9220144,0.008626489152,2021-04-28
131,KGS,Kyrgyzstani Som,10.92219316,0.09155670342,2021-04-28
132,LRD,Liberian Dollar,22.15066942,0.04514536248,2021-04-28
133,LSL,Basotho Loti,1.838314958,0.5439764257,2021-04-28
134,MMK,Burmese Kyat,181.513452,0.005509233552,2021-04-28
135,GIP,Gibraltar Pound,0.09254290166,10.80579906,2021-04-28
136,XPT,Platinum Ounce,0.000106110387,9424.148081,2021-04-28
137,MDL,Moldovan Leu,2.296630125,0.4354205708,2021-04-28
138,CUP,Cuban Peso,3.117062253,0.3208148952,2021-04-28
139,KHR,Cambodian Riel,521.5193099,0.001917474542,2021-04-28
140,MKD,Macedonian Denar,6.560585958,0.1524254093,2021-04-28
141,VUV,Ni-Vanuatu Vatu,13.89846892,0.07195037137,2021-04-28
142,ANG,Dutch Guilder,0.2304343553,4.339630689,2021-04-28
143,MRU,Mauritanian Ouguiya,4.64211298,0.215419143,2021-04-28
144,SZL,Swazi Lilangeni,1.838314958,0.5439764257,2021-04-28
145,CVE,Cape Verdean Escudo,11.73686596,0.08520162055,2021-04-28
146,SRD,Surinamese Dollar,1.820174699,0.5493978137,2021-04-28
147,SVC,Salvadoran Colon,1.12705145,0.8872709404,2021-04-28
148,XPD,Palladium Ounce,4.416040041e-05,22644.72221,2021-04-28
149,BSD,Bahamian Dollar,0.12880588,7.763620728,2021-04-28
150,XDR,IMF Special Drawing Rights,0.08971753169,11.14609354,2021-04-28
151,RWF,Rwandan Franc,126.5192152,0.007903937743,2021-04-28
152,AWG,Aruban or Dutch Guilder,0.2305625252,4.337218284,2021-04-28
153,BTN,Bhutanese Ngultrum,9.594005697,0.1042317497,2021-04-28
154,DJF,Djiboutian Franc,22.9098049,0.04364943327,2021-04-28
155,KMF,Comorian Franc,52.36383004,0.01909715159,2021-04-28
156,ERN,Eritrean Nakfa,1.9320882,0.5175747152,2021-04-28
157,FKP,Falkland Island Pound,0.09254290166,10.80579906,2021-04-28
158,SHP,Saint Helenian Pound,0.09254290166,10.80579906,2021-04-28
159,SPL,Seborgan Luigino,0.02146764658,46.58172456,2021-04-28
160,WST,Samoan Tala,0.3251756311,3.075261195,2021-04-28
161,JEP,Jersey Pound,0.09254290166,10.80579906,2021-04-28
162,TMT,Turkmenistani Manat,0.4501800488,2.221333448,2021-04-28
163,GGP,Guernsey Pound,0.09254290166,10.80579906,2021-04-28
164,IMP,Isle of Man Pound,0.09254290166,10.80579906,2021-04-28
165,TVD,Tuvaluan Dollar,0.1658032028,6.031246581,2021-04-28
166,ZMW,Zambian Kwacha,2.871178984,0.3482889801,2021-04-28
167,CLF,CLF,0.003271759401,305.6459469,2021-04-28
168,CNH,CNH,0.8338816463,1.199210948,2021-04-28
169,MXV,MXV,0.3877193716,2.579185032,2021-04-28
170,XBT,Bitcoin,2.367735448e-06,422344.4815,2021-04-28
